{"output":{"Vt":{"time":[0.0,0.0833333,0.166667,0.25,0.333333,0.416667,0.5,0.583333,0.666667,0.75,0.833333,0.916667,1.0],"value":[[0.0133333333333333,0.012179955692558583,0.011177065482332415,0.010322229942646938,0.01150137481365554,0.011404189248082007,0.010387715278721874,0.009728318606912284,0.009161188534061244,0.0084565970978675,0.008647930741917945,0.00884030309105396,0.008066136701976244],[0.0133333333333333,0.012698102817011293,0.013356182754202653,0.012666376956188146,0.011602554182327132,0.010914303970352647,0.010029034765356758,0.00918810472163612,0.008834524677231781,0.008054723684086162,0.010426006784024127,0.010415887196900274,0.009842969479092637],[0.0133333333333333,0.01250781228832582,0.011896208481720516,0.01146064537943331,0.011449628966835849,0.01066225149234879,0.010722518997741216,0.009888089547578796,0.009699604274589043,0.0091459745681966,0.0090356634378687,0.009780053672369329,0.009963458440088517],[0.0133333333333333,0.017163739394958202,0.019203088982007458,0.018253572370139397,0.01950850430008267,0.022177049549830716,0.026343714976238962,0.024164886974449507,0.023878901504695935,0.022330387702121784,0.02080506777122007,0.01894762201539808,0.01756980907283809],[0.0133333333333333,0.012162832436178697,0.011537905411468626,0.012026802423458284,0.011570131387300805,0.010858284940253093,0.010048213020993488,0.010881122234811637,0.009950371359539986,0.009219463751460169,0.008477670671468068,0.008717039530361018,0.007989839348900395],[0.0133333333333333,0.01215690902384444,0.01177969361288183,0.011145425357094816,0.010398397605682062,0.009812711314646158,0.00956131456556157,0.008752060354697873,0.008013403567220636,0.007873320241900678,0.007208698889774276,0.0065707869950425175,0.006753286872230142],[0.0133333333333333,0.013341923846947192,0.01380850822885133,0.014122606239269904,0.012915140968106201,0.011910273733849867,0.011350979951832854,0.01035187516727134,0.010260654665137845,0.009841758122970383,0.008966261220883424,0.009071024010304985,0.00951209284773328],[0.0133333333333333,0.012146938115064941,0.013500996362697946,0.013837979232088219,0.013531577995660928,0.013412211418454726,0.01256882435724873,0.011545937995762385,0.011018952662455842,0.010318944063607435,0.010221782455302884,0.01078185702329993,0.010560016130164903],[0.0133333333333333,0.012152872938356553,0.013062500591946602,0.011897182734147367,0.015264879943505682,0.01390140286499096,0.012661964503885294,0.013616621915569303,0.013661078882703695,0.013170193237226542,0.012928147443344966,0.011844145011903772,0.010788193337640715],[0.0133333333333333,0.01287299165783903,0.012056069661367392,0.011004318418653567,0.010026878296953921,0.009136204192064552,0.008654739640725209,0.007969939543522674,0.007273435633481148,0.006669265893479769,0.00615280101593321,0.006050837615314242,0.005715121895093557]],"comment":"GARCH variance process"},"S":{"time":[0.0,0.0833333,0.166667,0.25,0.333333,0.416667,0.5,0.583333,0.666667,0.75,0.833333,0.916667,1.0],"value":[[100.0,97.9053246257056,101.17816263008639,97.02768882665977,82.46829381068149,74.0261961826755,74.05541360749197,78.5068620026698,83.51673118762783,86.72602785232172,77.78249124626579,69.68783419306737,70.5633775142827],[100.0,108.78432579665301,93.6147970604763,101.42511399940048,104.44587953710644,111.6362724840024,108.03213736384832,105.34251863596121,113.77236007668127,114.76191846091393,94.21652405476526,84.61991457402344,90.51880000564665],[100.0,93.46875815629654,101.28173700621348,110.7478306457259,98.9431795479837,104.50819587096301,117.06432728683846,112.62084596006761,123.7146701749041,116.2546539182485,127.80440996842088,147.06273405698474,131.07356756934456],[100.0,128.72170777424296,159.29317546180226,175.87776224422734,213.0172223056534,269.9264507677661,204.27469319997368,194.77225150669884,167.00098089877966,153.22691773742844,141.8554331802193,143.05639625176514,134.32019471957378],[100.0,98.4757717681274,91.27782725103619,104.88763331656308,96.06143615994355,102.40944957321369,107.12399673177315,92.4352486707971,94.53936672116535,98.85572354322035,102.05221975566717,91.26715987676064,89.09278004168088],[100.0,101.36378129329657,111.46461194736173,119.90062140402213,126.83330271157179,118.8229551914357,129.89751350529926,127.0085496195758,129.91739872266132,119.3733206237064,121.92596481341889,121.54732144029121,110.20641228936444],[100.0,113.15289630443965,130.84013301649074,150.55088538299208,154.5866671501342,161.47789222836678,174.95533063826215,177.24623368821528,160.03553295097714,173.2811772739241,173.7183204082,156.17573360994706,137.7866057170544],[100.0,100.72614709797793,84.53329368392248,73.5391132560925,66.00691934352977,58.719031920010416,62.80760683292057,65.08926775293007,60.12438293865203,63.84957630569815,57.68153215118568,50.34560246563354,55.47846449976311],[100.0,98.94020318911313,84.44104851990073,84.28314177062929,66.54026584724676,66.40595264652121,66.7483711561249,78.55124623737177,89.16018053934478,81.02696974827928,72.70980113935813,70.61046845447471,70.72451100078455],[100.0,90.87171154359034,96.99318371749978,95.37563280535217,94.82226406558054,94.40232288398143,100.75322694040217,97.55465159571214,96.45370743744164,94.33016728927791,91.52508348526278,98.67115975471954,93.87824353729775]]}}}
